cpus,ram,machine_count
1.0,0.5,1166
1.0,0.25,432
1.0,1.0,506
0.25927734375,0.166748046875,3389
0.708984375,0.6669921875,547
0.708984375,0.33349609375,130
0.958984375,0.5,1396
0.958984375,0.25,144
0.958984375,1.0,153
0.38671875,0.166748046875,801
0.38671875,0.33349609375,2376
0.591796875,0.166748046875,27
0.591796875,0.33349609375,2178
