cpus,ram,machine_count
1.0,0.5,7206
1.0,0.25,438
1.0,1.0,422
0.708984375,0.6669921875,178
0.708984375,0.33349609375,710
0.958984375,0.5,582
0.958984375,1.0,53
0.38671875,0.166748046875,281
0.38671875,0.33349609375,562
0.591796875,0.6669921875,104
0.591796875,0.33349609375,1056
