cpus,ram,machine_count
1.0,0.5,1969
0.958984375,0.5,1113
1.0,1.0,412
0.958984375,1.0,100
0.38671875,0.166748046875,81
0.591796875,0.166748046875,417
0.708984375,0.33349609375,1620
0.38671875,0.33349609375,191
0.591796875,0.33349609375,3300
0.708984375,0.6669921875,724
0.591796875,0.6669921875,120
