cpus,ram,machine_count
0.5,0.25,2
1.0,0.25,474
0.4794921875,0.25,1
1.0,0.5,2103
0.4794921875,0.5,1
0.958984375,0.5,956
1.0,1.0,74
0.958984375,1.0,161
0.25927734375,0.166748046875,2643
0.38671875,0.166748046875,967
0.591796875,0.166748046875,530
0.25927734375,0.33349609375,343
0.708984375,0.33349609375,1332
0.38671875,0.33349609375,808
0.591796875,0.33349609375,1560
0.708984375,0.6669921875,845
