cpus,ram,machine_count
0.5,0.0625,27
0.5,0.25,1
1.0,0.25,52
1.0,0.5,1048
0.958984375,0.5,1619
1.0,1.0,28
0.25927734375,0.0833740234375,113
0.25927734375,0.166748046875,6699
0.38671875,0.166748046875,917
0.25927734375,0.33349609375,234
0.708984375,0.33349609375,1956
0.591796875,0.33349609375,73
0.708984375,0.6669921875,1356
