cpus,ram,machine_count
0.591796875,0.25,1
1.0,0.5,47
0.708984375,0.5,1
0.25927734375,0.166748046875,1690
0.38671875,0.166748046875,1133
0.591796875,0.166748046875,544
0.25927734375,0.33349609375,95
0.708984375,0.33349609375,784
0.38671875,0.33349609375,1816
0.591796875,0.33349609375,5668
0.708984375,0.6669921875,799
