cpus,ram,machine_count
0.5,0.25,6
1.0,0.5,8262
1.0,0.25,158
1.0,1.0,77
0.708984375,0.33349609375,1350
0.708984375,0.6669921875,272
0.958984375,1.0,121
0.958984375,0.5,426
0.38671875,0.166748046875,324
0.38671875,0.33349609375,93
0.591796875,0.33349609375,1115
