cpus,ram,machine_count
1.0,0.5,1672
1.0,1.0,643
1.0,0.25,52
0.4794921875,0.25,1
0.708984375,0.33349609375,1417
0.708984375,0.6669921875,480
0.708984375,0.25,1
0.958984375,0.5,179
0.958984375,1.0,73
0.38671875,0.33349609375,1104
0.38671875,0.166748046875,670
0.591796875,0.33349609375,3346
0.591796875,0.166748046875,364
